classification_id,user_name,user_id,user_ip,workflow_id,workflow_name,workflow_version,created_at,gold_standard,expert,metadata,annotations,subject_data,subject_ids
166474651,mantes,1874195,bdc3d7499dd92cfcda75,11170,PCH_seco_faltantes_rev,1.1,2019-05-18 20:57:26 UTC,,,"{""source"":""api"",""session"":""c48ce039eab6872229ab6effbeb6c48eca6f04dead49dd0afedc30664a72e9cd"",""viewport"":{""width"":1366,""height"":657},""started_at"":""2019-05-18T20:56:31.606Z"",""user_agent"":""Mozilla/5.0 (Windows NT 10.0; Win64; x64) AppleWebKit/537.36 (KHTML, like Gecko) Chrome/74.0.3729.157 Safari/537.36"",""utc_offset"":""10800"",""finished_at"":""2019-05-18T20:57:23.399Z"",""live_project"":true,""interventions"":{""opt_in"":true,""message"":false},""user_language"":""en"",""user_group_ids"":[],""subject_dimensions"":[{""clientWidth"":820,""clientHeight"":580,""naturalWidth"":1403,""naturalHeight"":992},{""clientWidth"":700,""clientHeight"":494,""naturalWidth"":700,""naturalHeight"":494}],""subject_selection_state"":{""retired"":false,""selected_at"":""2019-05-18T20:56:33.669Z"",""already_seen"":false,""selection_state"":""internal_fallback"",""finished_workflow"":false,""user_has_finished_workflow"":false},""workflow_translation_id"":""21414""}","[{""task"":""T0"",""task_label"":""Clasificar el segmento"",""value"":""TF estable""}]","{""33529848"":{""retired"":{""id"":44300359,""workflow_id"":11170,""classifications_count"":1,""created_at"":""2019-05-17T17:10:58.781Z"",""updated_at"":""2019-05-18T20:57:26.428Z"",""retired_at"":""2019-05-18T20:57:26.421Z"",""subject_id"":33529848,""retirement_reason"":""classification_count""},"""":""16"",""X"":""pch_f_242563_HD.png"",""image"":""pch_f_242563.png"",""id"":""242563""}}",33529848
166478469,mantes,1874195,bdc3d7499dd92cfcda75,11170,PCH_seco_faltantes_rev,1.1,2019-05-18 21:24:23 UTC,,,"{""source"":""api"",""session"":""c48ce039eab6872229ab6effbeb6c48eca6f04dead49dd0afedc30664a72e9cd"",""viewport"":{""width"":1366,""height"":657},""started_at"":""2019-05-18T20:57:23.436Z"",""user_agent"":""Mozilla/5.0 (Windows NT 10.0; Win64; x64) AppleWebKit/537.36 (KHTML, like Gecko) Chrome/74.0.3729.157 Safari/537.36"",""utc_offset"":""10800"",""finished_at"":""2019-05-18T21:24:20.367Z"",""live_project"":true,""interventions"":{""opt_in"":true,""message"":false},""user_language"":""en"",""user_group_ids"":[],""subject_dimensions"":[{""clientWidth"":820,""clientHeight"":580,""naturalWidth"":1403,""naturalHeight"":992},{""clientWidth"":700,""clientHeight"":494,""naturalWidth"":700,""naturalHeight"":494}],""subject_selection_state"":{""retired"":false,""selected_at"":""2019-05-18T20:56:33.669Z"",""already_seen"":false,""selection_state"":""internal_fallback"",""finished_workflow"":false,""user_has_finished_workflow"":false},""workflow_translation_id"":""21414""}","[{""task"":""T0"",""task_label"":""Clasificar el segmento"",""value"":""TF estable""}]","{""33529846"":{""retired"":{""id"":44300331,""workflow_id"":11170,""classifications_count"":1,""created_at"":""2019-05-17T17:10:32.725Z"",""updated_at"":""2019-05-18T21:24:24.076Z"",""retired_at"":""2019-05-18T21:24:23.935Z"",""subject_id"":33529846,""retirement_reason"":""classification_count""},"""":""14"",""X"":""pch_f_226654_HD.png"",""image"":""pch_f_226654.png"",""id"":""226654""}}",33529846
166478522,mantes,1874195,bdc3d7499dd92cfcda75,11170,PCH_seco_faltantes_rev,1.1,2019-05-18 21:24:42 UTC,,,"{""source"":""api"",""session"":""c48ce039eab6872229ab6effbeb6c48eca6f04dead49dd0afedc30664a72e9cd"",""viewport"":{""width"":1366,""height"":657},""started_at"":""2019-05-18T21:24:20.400Z"",""user_agent"":""Mozilla/5.0 (Windows NT 10.0; Win64; x64) AppleWebKit/537.36 (KHTML, like Gecko) Chrome/74.0.3729.157 Safari/537.36"",""utc_offset"":""10800"",""finished_at"":""2019-05-18T21:24:39.967Z"",""live_project"":true,""interventions"":{""opt_in"":true,""message"":false},""user_language"":""en"",""user_group_ids"":[],""subject_dimensions"":[{""clientWidth"":820,""clientHeight"":580,""naturalWidth"":1403,""naturalHeight"":992},{""clientWidth"":700,""clientHeight"":494,""naturalWidth"":700,""naturalHeight"":494}],""subject_selection_state"":{""retired"":false,""selected_at"":""2019-05-18T20:56:33.669Z"",""already_seen"":false,""selection_state"":""internal_fallback"",""finished_workflow"":false,""user_has_finished_workflow"":false},""workflow_translation_id"":""21414""}","[{""task"":""T0"",""task_label"":""Clasificar el segmento"",""value"":""OT estable""}]","{""33529850"":{""retired"":{""id"":44300341,""workflow_id"":11170,""classifications_count"":1,""created_at"":""2019-05-17T17:10:57.402Z"",""updated_at"":""2019-05-18T21:24:43.122Z"",""retired_at"":""2019-05-18T21:24:43.114Z"",""subject_id"":33529850,""retirement_reason"":""classification_count""},"""":""17"",""X"":""pch_f_251977_HD.png"",""image"":""pch_f_251977.png"",""id"":""251977""}}",33529850
166478569,mantes,1874195,bdc3d7499dd92cfcda75,11170,PCH_seco_faltantes_rev,1.1,2019-05-18 21:24:59 UTC,,,"{""source"":""api"",""session"":""c48ce039eab6872229ab6effbeb6c48eca6f04dead49dd0afedc30664a72e9cd"",""viewport"":{""width"":1366,""height"":657},""started_at"":""2019-05-18T21:24:39.995Z"",""user_agent"":""Mozilla/5.0 (Windows NT 10.0; Win64; x64) AppleWebKit/537.36 (KHTML, like Gecko) Chrome/74.0.3729.157 Safari/537.36"",""utc_offset"":""10800"",""finished_at"":""2019-05-18T21:24:57.019Z"",""live_project"":true,""interventions"":{""opt_in"":true,""message"":false},""user_language"":""en"",""user_group_ids"":[],""subject_dimensions"":[{""clientWidth"":820,""clientHeight"":580,""naturalWidth"":1403,""naturalHeight"":992},{""clientWidth"":700,""clientHeight"":494,""naturalWidth"":700,""naturalHeight"":494}],""subject_selection_state"":{""retired"":false,""selected_at"":""2019-05-18T20:56:33.669Z"",""already_seen"":false,""selection_state"":""internal_fallback"",""finished_workflow"":false,""user_has_finished_workflow"":false},""workflow_translation_id"":""21414""}","[{""task"":""T0"",""task_label"":""Clasificar el segmento"",""value"":""OT estable""}]","{""33529830"":{""retired"":{""id"":44300408,""workflow_id"":11170,""classifications_count"":1,""created_at"":""2019-05-17T17:11:34.333Z"",""updated_at"":""2019-05-18T21:24:59.859Z"",""retired_at"":""2019-05-18T21:24:59.851Z"",""subject_id"":33529830,""retirement_reason"":""classification_count""},"""":""3"",""X"":""pch_f_167438_HD.png"",""image"":""pch_f_167438.png"",""id"":""167438""}}",33529830
166478644,mantes,1874195,bdc3d7499dd92cfcda75,11170,PCH_seco_faltantes_rev,1.1,2019-05-18 21:25:29 UTC,,,"{""source"":""api"",""session"":""c48ce039eab6872229ab6effbeb6c48eca6f04dead49dd0afedc30664a72e9cd"",""viewport"":{""width"":1366,""height"":657},""started_at"":""2019-05-18T21:24:57.037Z"",""user_agent"":""Mozilla/5.0 (Windows NT 10.0; Win64; x64) AppleWebKit/537.36 (KHTML, like Gecko) Chrome/74.0.3729.157 Safari/537.36"",""utc_offset"":""10800"",""finished_at"":""2019-05-18T21:25:26.381Z"",""live_project"":true,""interventions"":{""opt_in"":true,""message"":false},""user_language"":""en"",""user_group_ids"":[],""subject_dimensions"":[{""clientWidth"":820,""clientHeight"":580,""naturalWidth"":1403,""naturalHeight"":992},{""clientWidth"":700,""clientHeight"":494,""naturalWidth"":700,""naturalHeight"":494}],""subject_selection_state"":{""retired"":false,""selected_at"":""2019-05-18T20:56:33.669Z"",""already_seen"":false,""selection_state"":""internal_fallback"",""finished_workflow"":false,""user_has_finished_workflow"":false},""workflow_translation_id"":""21414""}","[{""task"":""T0"",""task_label"":""Clasificar el segmento"",""value"":""TF perdida 2006-2013""}]","{""33529851"":{""retired"":{""id"":44300312,""workflow_id"":11170,""classifications_count"":1,""created_at"":""2019-05-17T17:10:31.952Z"",""updated_at"":""2019-05-18T21:25:29.484Z"",""retired_at"":""2019-05-18T21:25:29.477Z"",""subject_id"":33529851,""retirement_reason"":""classification_count""},"""":""18"",""X"":""pch_f_253080_HD.png"",""image"":""pch_f_253080.png"",""id"":""253080""}}",33529851
166478736,mantes,1874195,bdc3d7499dd92cfcda75,11170,PCH_seco_faltantes_rev,1.1,2019-05-18 21:25:58 UTC,,,"{""source"":""api"",""session"":""c48ce039eab6872229ab6effbeb6c48eca6f04dead49dd0afedc30664a72e9cd"",""viewport"":{""width"":1366,""height"":657},""started_at"":""2019-05-18T21:25:26.400Z"",""user_agent"":""Mozilla/5.0 (Windows NT 10.0; Win64; x64) AppleWebKit/537.36 (KHTML, like Gecko) Chrome/74.0.3729.157 Safari/537.36"",""utc_offset"":""10800"",""finished_at"":""2019-05-18T21:25:55.995Z"",""live_project"":true,""interventions"":{""opt_in"":true,""message"":false},""user_language"":""en"",""user_group_ids"":[],""subject_dimensions"":[{""clientWidth"":820,""clientHeight"":580,""naturalWidth"":1403,""naturalHeight"":992},{""clientWidth"":700,""clientHeight"":494,""naturalWidth"":700,""naturalHeight"":494}],""subject_selection_state"":{""retired"":false,""selected_at"":""2019-05-18T20:56:33.669Z"",""already_seen"":false,""selection_state"":""internal_fallback"",""finished_workflow"":false,""user_has_finished_workflow"":false},""workflow_translation_id"":""21414""}","[{""task"":""T0"",""task_label"":""Clasificar el segmento"",""value"":""TF perdida 1998-2006""}]","{""33529835"":{""retired"":{""id"":44300321,""workflow_id"":11170,""classifications_count"":1,""created_at"":""2019-05-17T17:10:32.499Z"",""updated_at"":""2019-05-18T21:25:59.101Z"",""retired_at"":""2019-05-18T21:25:59.092Z"",""subject_id"":33529835,""retirement_reason"":""classification_count""},"""":""6"",""X"":""pch_f_182561_HD.png"",""image"":""pch_f_182561.png"",""id"":""182561""}}",33529835
166478774,mantes,1874195,bdc3d7499dd92cfcda75,11170,PCH_seco_faltantes_rev,1.1,2019-05-18 21:26:15 UTC,,,"{""source"":""api"",""session"":""c48ce039eab6872229ab6effbeb6c48eca6f04dead49dd0afedc30664a72e9cd"",""viewport"":{""width"":1366,""height"":657},""started_at"":""2019-05-18T21:25:56.012Z"",""user_agent"":""Mozilla/5.0 (Windows NT 10.0; Win64; x64) AppleWebKit/537.36 (KHTML, like Gecko) Chrome/74.0.3729.157 Safari/537.36"",""utc_offset"":""10800"",""finished_at"":""2019-05-18T21:26:13.119Z"",""live_project"":true,""interventions"":{""opt_in"":true,""message"":false},""user_language"":""en"",""user_group_ids"":[],""subject_dimensions"":[{""clientWidth"":820,""clientHeight"":580,""naturalWidth"":1403,""naturalHeight"":992},{""clientWidth"":700,""clientHeight"":494,""naturalWidth"":700,""naturalHeight"":494}],""subject_selection_state"":{""retired"":false,""selected_at"":""2019-05-18T20:56:33.669Z"",""already_seen"":false,""selection_state"":""internal_fallback"",""finished_workflow"":false,""user_has_finished_workflow"":false},""workflow_translation_id"":""21414""}","[{""task"":""T0"",""task_label"":""Clasificar el segmento"",""value"":""TF perdida 1998-2006""}]","{""33529844"":{""retired"":{""id"":44300337,""workflow_id"":11170,""classifications_count"":1,""created_at"":""2019-05-17T17:10:35.490Z"",""updated_at"":""2019-05-18T21:26:16.011Z"",""retired_at"":""2019-05-18T21:26:16.002Z"",""subject_id"":33529844,""retirement_reason"":""classification_count""},"""":""13"",""X"":""pch_f_225262_HD.png"",""image"":""pch_f_225262.png"",""id"":""225262""}}",33529844
166478829,mantes,1874195,bdc3d7499dd92cfcda75,11170,PCH_seco_faltantes_rev,1.1,2019-05-18 21:26:36 UTC,,,"{""source"":""api"",""session"":""c48ce039eab6872229ab6effbeb6c48eca6f04dead49dd0afedc30664a72e9cd"",""viewport"":{""width"":1366,""height"":657},""started_at"":""2019-05-18T21:26:13.137Z"",""user_agent"":""Mozilla/5.0 (Windows NT 10.0; Win64; x64) AppleWebKit/537.36 (KHTML, like Gecko) Chrome/74.0.3729.157 Safari/537.36"",""utc_offset"":""10800"",""finished_at"":""2019-05-18T21:26:33.772Z"",""live_project"":true,""interventions"":{""opt_in"":true,""message"":false},""user_language"":""en"",""user_group_ids"":[],""subject_dimensions"":[{""clientWidth"":820,""clientHeight"":580,""naturalWidth"":1403,""naturalHeight"":992},{""clientWidth"":700,""clientHeight"":494,""naturalWidth"":700,""naturalHeight"":494}],""subject_selection_state"":{""retired"":false,""selected_at"":""2019-05-18T20:56:33.669Z"",""already_seen"":false,""selection_state"":""internal_fallback"",""finished_workflow"":false,""user_has_finished_workflow"":false},""workflow_translation_id"":""21414""}","[{""task"":""T0"",""task_label"":""Clasificar el segmento"",""value"":""TF perdida 1998-2006""}]","{""33529859"":{""retired"":{""id"":44300297,""workflow_id"":11170,""classifications_count"":1,""created_at"":""2019-05-17T17:10:20.056Z"",""updated_at"":""2019-05-18T21:26:41.490Z"",""retired_at"":""2019-05-18T21:26:41.475Z"",""subject_id"":33529859,""retirement_reason"":""classification_count""},"""":""24"",""X"":""pch_f_264267_HD.png"",""image"":""pch_f_264267.png"",""id"":""264267""}}",33529859
166478875,mantes,1874195,bdc3d7499dd92cfcda75,11170,PCH_seco_faltantes_rev,1.1,2019-05-18 21:26:56 UTC,,,"{""source"":""api"",""session"":""c48ce039eab6872229ab6effbeb6c48eca6f04dead49dd0afedc30664a72e9cd"",""viewport"":{""width"":1366,""height"":657},""started_at"":""2019-05-18T21:26:33.794Z"",""user_agent"":""Mozilla/5.0 (Windows NT 10.0; Win64; x64) AppleWebKit/537.36 (KHTML, like Gecko) Chrome/74.0.3729.157 Safari/537.36"",""utc_offset"":""10800"",""finished_at"":""2019-05-18T21:26:53.761Z"",""live_project"":true,""interventions"":{""opt_in"":true,""message"":false},""user_language"":""en"",""user_group_ids"":[],""subject_dimensions"":[{""clientWidth"":820,""clientHeight"":580,""naturalWidth"":1403,""naturalHeight"":992},{""clientWidth"":700,""clientHeight"":494,""naturalWidth"":700,""naturalHeight"":494}],""subject_selection_state"":{""retired"":false,""selected_at"":""2019-05-18T20:56:33.669Z"",""already_seen"":false,""selection_state"":""internal_fallback"",""finished_workflow"":false,""user_has_finished_workflow"":false},""workflow_translation_id"":""21414""}","[{""task"":""T0"",""task_label"":""Clasificar el segmento"",""value"":""OT estable""}]","{""33529836"":{""retired"":{""id"":44300377,""workflow_id"":11170,""classifications_count"":1,""created_at"":""2019-05-17T17:11:13.271Z"",""updated_at"":""2019-05-18T21:26:59.075Z"",""retired_at"":""2019-05-18T21:26:59.047Z"",""subject_id"":33529836,""retirement_reason"":""classification_count""},"""":""7"",""X"":""pch_f_184687_HD.png"",""image"":""pch_f_184687.png"",""id"":""184687""}}",33529836
166478937,mantes,1874195,bdc3d7499dd92cfcda75,11170,PCH_seco_faltantes_rev,1.1,2019-05-18 21:27:21 UTC,,,"{""source"":""api"",""session"":""c48ce039eab6872229ab6effbeb6c48eca6f04dead49dd0afedc30664a72e9cd"",""viewport"":{""width"":1366,""height"":657},""started_at"":""2019-05-18T21:26:54.231Z"",""user_agent"":""Mozilla/5.0 (Windows NT 10.0; Win64; x64) AppleWebKit/537.36 (KHTML, like Gecko) Chrome/74.0.3729.157 Safari/537.36"",""utc_offset"":""10800"",""finished_at"":""2019-05-18T21:27:18.341Z"",""live_project"":true,""interventions"":{""opt_in"":true,""message"":false},""user_language"":""en"",""user_group_ids"":[],""subject_dimensions"":[{""clientWidth"":820,""clientHeight"":580,""naturalWidth"":1403,""naturalHeight"":992},{""clientWidth"":700,""clientHeight"":494,""naturalWidth"":700,""naturalHeight"":494}],""subject_selection_state"":{""retired"":false,""selected_at"":""2019-05-18T20:56:33.669Z"",""already_seen"":false,""selection_state"":""internal_fallback"",""finished_workflow"":false,""user_has_finished_workflow"":false},""workflow_translation_id"":""21414""}","[{""task"":""T0"",""task_label"":""Clasificar el segmento"",""value"":""TF perdida 2006-2013""}]","{""33529826"":{""retired"":{""id"":44300302,""workflow_id"":11170,""classifications_count"":1,""created_at"":""2019-05-17T17:10:20.322Z"",""updated_at"":""2019-05-18T21:27:21.199Z"",""retired_at"":""2019-05-18T21:27:21.189Z"",""subject_id"":33529826,""retirement_reason"":""classification_count""},"""":""1"",""X"":""pch_f_159495_HD.png"",""image"":""pch_f_159495.png"",""id"":""159495""}}",33529826
166478976,mantes,1874195,bdc3d7499dd92cfcda75,11170,PCH_seco_faltantes_rev,1.1,2019-05-18 21:27:36 UTC,,,"{""source"":""api"",""session"":""c48ce039eab6872229ab6effbeb6c48eca6f04dead49dd0afedc30664a72e9cd"",""viewport"":{""width"":1366,""height"":657},""started_at"":""2019-05-18T21:27:18.358Z"",""user_agent"":""Mozilla/5.0 (Windows NT 10.0; Win64; x64) AppleWebKit/537.36 (KHTML, like Gecko) Chrome/74.0.3729.157 Safari/537.36"",""utc_offset"":""10800"",""finished_at"":""2019-05-18T21:27:33.940Z"",""live_project"":true,""interventions"":{""opt_in"":true,""message"":false},""user_language"":""en"",""user_group_ids"":[],""subject_dimensions"":[{""clientWidth"":820,""clientHeight"":580,""naturalWidth"":1403,""naturalHeight"":992},{""clientWidth"":700,""clientHeight"":494,""naturalWidth"":700,""naturalHeight"":494}],""subject_selection_state"":{""retired"":false,""selected_at"":""2019-05-18T21:26:56.311Z"",""already_seen"":false,""selection_state"":""normal"",""finished_workflow"":false,""user_has_finished_workflow"":false},""workflow_translation_id"":""21414""}","[{""task"":""T0"",""task_label"":""Clasificar el segmento"",""value"":""OTF perdida 1998-2006""}]","{""33529852"":{""retired"":{""id"":44300306,""workflow_id"":11170,""classifications_count"":1,""created_at"":""2019-05-17T17:10:31.783Z"",""updated_at"":""2019-05-18T21:27:36.829Z"",""retired_at"":""2019-05-18T21:27:36.820Z"",""subject_id"":33529852,""retirement_reason"":""classification_count""},"""":""19"",""X"":""pch_f_254549_HD.png"",""image"":""pch_f_254549.png"",""id"":""254549""}}",33529852
166479004,mantes,1874195,bdc3d7499dd92cfcda75,11170,PCH_seco_faltantes_rev,1.1,2019-05-18 21:27:47 UTC,,,"{""source"":""api"",""session"":""c48ce039eab6872229ab6effbeb6c48eca6f04dead49dd0afedc30664a72e9cd"",""viewport"":{""width"":1366,""height"":657},""started_at"":""2019-05-18T21:27:33.959Z"",""user_agent"":""Mozilla/5.0 (Windows NT 10.0; Win64; x64) AppleWebKit/537.36 (KHTML, like Gecko) Chrome/74.0.3729.157 Safari/537.36"",""utc_offset"":""10800"",""finished_at"":""2019-05-18T21:27:44.356Z"",""live_project"":true,""interventions"":{""opt_in"":true,""message"":false},""user_language"":""en"",""user_group_ids"":[],""subject_dimensions"":[{""clientWidth"":820,""clientHeight"":580,""naturalWidth"":1403,""naturalHeight"":992},{""clientWidth"":700,""clientHeight"":494,""naturalWidth"":700,""naturalHeight"":494}],""subject_selection_state"":{""retired"":false,""selected_at"":""2019-05-18T21:26:56.311Z"",""already_seen"":false,""selection_state"":""normal"",""finished_workflow"":false,""user_has_finished_workflow"":false},""workflow_translation_id"":""21414""}","[{""task"":""T0"",""task_label"":""Clasificar el segmento"",""value"":""OTF estable""}]","{""33529832"":{""retired"":{""id"":44300295,""workflow_id"":11170,""classifications_count"":1,""created_at"":""2019-05-17T17:10:20.001Z"",""updated_at"":""2019-05-18T21:27:47.193Z"",""retired_at"":""2019-05-18T21:27:47.183Z"",""subject_id"":33529832,""retirement_reason"":""classification_count""},"""":""4"",""X"":""pch_f_180872_HD.png"",""image"":""pch_f_180872.png"",""id"":""180872""}}",33529832
166479047,mantes,1874195,bdc3d7499dd92cfcda75,11170,PCH_seco_faltantes_rev,1.1,2019-05-18 21:27:59 UTC,,,"{""source"":""api"",""session"":""c48ce039eab6872229ab6effbeb6c48eca6f04dead49dd0afedc30664a72e9cd"",""viewport"":{""width"":1366,""height"":657},""started_at"":""2019-05-18T21:27:44.373Z"",""user_agent"":""Mozilla/5.0 (Windows NT 10.0; Win64; x64) AppleWebKit/537.36 (KHTML, like Gecko) Chrome/74.0.3729.157 Safari/537.36"",""utc_offset"":""10800"",""finished_at"":""2019-05-18T21:27:57.024Z"",""live_project"":true,""interventions"":{""opt_in"":true,""message"":false},""user_language"":""en"",""user_group_ids"":[],""subject_dimensions"":[{""clientWidth"":820,""clientHeight"":580,""naturalWidth"":1403,""naturalHeight"":992},{""clientWidth"":700,""clientHeight"":494,""naturalWidth"":700,""naturalHeight"":494}],""subject_selection_state"":{""retired"":false,""selected_at"":""2019-05-18T21:26:56.311Z"",""already_seen"":false,""selection_state"":""normal"",""finished_workflow"":false,""user_has_finished_workflow"":false},""workflow_translation_id"":""21414""}","[{""task"":""T0"",""task_label"":""Clasificar el segmento"",""value"":""OT estable""}]","{""33529861"":{""retired"":{""id"":44300328,""workflow_id"":11170,""classifications_count"":1,""created_at"":""2019-05-17T17:10:32.689Z"",""updated_at"":""2019-05-18T21:27:59.946Z"",""retired_at"":""2019-05-18T21:27:59.933Z"",""subject_id"":33529861,""retirement_reason"":""classification_count""},"""":""26"",""X"":""pch_f_267022_HD.png"",""image"":""pch_f_267022.png"",""id"":""267022""}}",33529861
166479104,mantes,1874195,bdc3d7499dd92cfcda75,11170,PCH_seco_faltantes_rev,1.1,2019-05-18 21:28:19 UTC,,,"{""source"":""api"",""session"":""c48ce039eab6872229ab6effbeb6c48eca6f04dead49dd0afedc30664a72e9cd"",""viewport"":{""width"":1366,""height"":657},""started_at"":""2019-05-18T21:27:57.052Z"",""user_agent"":""Mozilla/5.0 (Windows NT 10.0; Win64; x64) AppleWebKit/537.36 (KHTML, like Gecko) Chrome/74.0.3729.157 Safari/537.36"",""utc_offset"":""10800"",""finished_at"":""2019-05-18T21:28:17.158Z"",""live_project"":true,""interventions"":{""opt_in"":true,""message"":false},""user_language"":""en"",""user_group_ids"":[],""subject_dimensions"":[{""clientWidth"":820,""clientHeight"":580,""naturalWidth"":1403,""naturalHeight"":992},{""clientWidth"":700,""clientHeight"":494,""naturalWidth"":700,""naturalHeight"":494}],""subject_selection_state"":{""retired"":false,""selected_at"":""2019-05-18T21:26:56.311Z"",""already_seen"":false,""selection_state"":""normal"",""finished_workflow"":false,""user_has_finished_workflow"":false},""workflow_translation_id"":""21414""}","[{""task"":""T0"",""task_label"":""Clasificar el segmento"",""value"":""OT estable""}]","{""33529855"":{""retired"":{""id"":44300382,""workflow_id"":11170,""classifications_count"":1,""created_at"":""2019-05-17T17:11:13.479Z"",""updated_at"":""2019-05-18T21:28:20.047Z"",""retired_at"":""2019-05-18T21:28:20.018Z"",""subject_id"":33529855,""retirement_reason"":""classification_count""},"""":""21"",""X"":""pch_f_257150_HD.png"",""image"":""pch_f_257150.png"",""id"":""257150""}}",33529855
166479176,mantes,1874195,bdc3d7499dd92cfcda75,11170,PCH_seco_faltantes_rev,1.1,2019-05-18 21:28:51 UTC,,,"{""source"":""api"",""session"":""c48ce039eab6872229ab6effbeb6c48eca6f04dead49dd0afedc30664a72e9cd"",""viewport"":{""width"":1366,""height"":657},""started_at"":""2019-05-18T21:28:17.179Z"",""user_agent"":""Mozilla/5.0 (Windows NT 10.0; Win64; x64) AppleWebKit/537.36 (KHTML, like Gecko) Chrome/74.0.3729.157 Safari/537.36"",""utc_offset"":""10800"",""finished_at"":""2019-05-18T21:28:48.869Z"",""live_project"":true,""interventions"":{""opt_in"":true,""message"":false},""user_language"":""en"",""user_group_ids"":[],""subject_dimensions"":[{""clientWidth"":820,""clientHeight"":580,""naturalWidth"":1403,""naturalHeight"":992},{""clientWidth"":700,""clientHeight"":494,""naturalWidth"":700,""naturalHeight"":494}],""subject_selection_state"":{""retired"":false,""selected_at"":""2019-05-18T21:26:56.311Z"",""already_seen"":false,""selection_state"":""normal"",""finished_workflow"":false,""user_has_finished_workflow"":false},""workflow_translation_id"":""21414""}","[{""task"":""T0"",""task_label"":""Clasificar el segmento"",""value"":""TF perdida 1998-2006""}]","{""33529838"":{""retired"":{""id"":44300269,""workflow_id"":11170,""classifications_count"":1,""created_at"":""2019-05-17T17:09:51.394Z"",""updated_at"":""2019-05-18T21:28:51.857Z"",""retired_at"":""2019-05-18T21:28:51.851Z"",""subject_id"":33529838,""retirement_reason"":""classification_count""},"""":""8"",""X"":""pch_f_185389_HD.png"",""image"":""pch_f_185389.png"",""id"":""185389""}}",33529838
166479264,mantes,1874195,bdc3d7499dd92cfcda75,11170,PCH_seco_faltantes_rev,1.1,2019-05-18 21:29:18 UTC,,,"{""source"":""api"",""session"":""c48ce039eab6872229ab6effbeb6c48eca6f04dead49dd0afedc30664a72e9cd"",""viewport"":{""width"":1366,""height"":657},""started_at"":""2019-05-18T21:28:48.886Z"",""user_agent"":""Mozilla/5.0 (Windows NT 10.0; Win64; x64) AppleWebKit/537.36 (KHTML, like Gecko) Chrome/74.0.3729.157 Safari/537.36"",""utc_offset"":""10800"",""finished_at"":""2019-05-18T21:29:16.027Z"",""live_project"":true,""interventions"":{""opt_in"":true,""message"":false},""user_language"":""en"",""user_group_ids"":[],""subject_dimensions"":[{""clientWidth"":820,""clientHeight"":580,""naturalWidth"":1403,""naturalHeight"":992},{""clientWidth"":700,""clientHeight"":494,""naturalWidth"":700,""naturalHeight"":494}],""subject_selection_state"":{""retired"":false,""selected_at"":""2019-05-18T21:26:56.311Z"",""already_seen"":false,""selection_state"":""normal"",""finished_workflow"":false,""user_has_finished_workflow"":false},""workflow_translation_id"":""21414""}","[{""task"":""T0"",""task_label"":""Clasificar el segmento"",""value"":""TF perdida 2013-2017""}]","{""33529840"":{""retired"":{""id"":44300329,""workflow_id"":11170,""classifications_count"":1,""created_at"":""2019-05-17T17:10:32.693Z"",""updated_at"":""2019-05-18T21:29:19.117Z"",""retired_at"":""2019-05-18T21:29:19.101Z"",""subject_id"":33529840,""retirement_reason"":""classification_count""},"""":""10"",""X"":""pch_f_195917_HD.png"",""image"":""pch_f_195917.png"",""id"":""195917""}}",33529840
166479304,mantes,1874195,bdc3d7499dd92cfcda75,11170,PCH_seco_faltantes_rev,1.1,2019-05-18 21:29:37 UTC,,,"{""source"":""api"",""session"":""c48ce039eab6872229ab6effbeb6c48eca6f04dead49dd0afedc30664a72e9cd"",""viewport"":{""width"":1366,""height"":657},""started_at"":""2019-05-18T21:29:16.060Z"",""user_agent"":""Mozilla/5.0 (Windows NT 10.0; Win64; x64) AppleWebKit/537.36 (KHTML, like Gecko) Chrome/74.0.3729.157 Safari/537.36"",""utc_offset"":""10800"",""finished_at"":""2019-05-18T21:29:34.977Z"",""live_project"":true,""interventions"":{""opt_in"":true,""message"":false},""user_language"":""en"",""user_group_ids"":[],""subject_dimensions"":[{""clientWidth"":820,""clientHeight"":580,""naturalWidth"":1403,""naturalHeight"":992},{""clientWidth"":700,""clientHeight"":494,""naturalWidth"":700,""naturalHeight"":494}],""subject_selection_state"":{""retired"":false,""selected_at"":""2019-05-18T21:26:56.311Z"",""already_seen"":false,""selection_state"":""normal"",""finished_workflow"":false,""user_has_finished_workflow"":false},""workflow_translation_id"":""21414""}","[{""task"":""T0"",""task_label"":""Clasificar el segmento"",""value"":""TF perdida 2013-2017""}]","{""33529854"":{""retired"":{""id"":44300389,""workflow_id"":11170,""classifications_count"":1,""created_at"":""2019-05-17T17:11:13.863Z"",""updated_at"":""2019-05-18T21:29:37.861Z"",""retired_at"":""2019-05-18T21:29:37.846Z"",""subject_id"":33529854,""retirement_reason"":""classification_count""},"""":""20"",""X"":""pch_f_256989_HD.png"",""image"":""pch_f_256989.png"",""id"":""256989""}}",33529854
166479330,mantes,1874195,bdc3d7499dd92cfcda75,11170,PCH_seco_faltantes_rev,1.1,2019-05-18 21:29:48 UTC,,,"{""source"":""api"",""session"":""c48ce039eab6872229ab6effbeb6c48eca6f04dead49dd0afedc30664a72e9cd"",""viewport"":{""width"":1366,""height"":657},""started_at"":""2019-05-18T21:29:34.994Z"",""user_agent"":""Mozilla/5.0 (Windows NT 10.0; Win64; x64) AppleWebKit/537.36 (KHTML, like Gecko) Chrome/74.0.3729.157 Safari/537.36"",""utc_offset"":""10800"",""finished_at"":""2019-05-18T21:29:45.374Z"",""live_project"":true,""interventions"":{""opt_in"":true,""message"":false},""user_language"":""en"",""user_group_ids"":[],""subject_dimensions"":[{""clientWidth"":820,""clientHeight"":580,""naturalWidth"":1403,""naturalHeight"":992},{""clientWidth"":700,""clientHeight"":494,""naturalWidth"":700,""naturalHeight"":494}],""subject_selection_state"":{""retired"":false,""selected_at"":""2019-05-18T21:26:56.311Z"",""already_seen"":false,""selection_state"":""normal"",""finished_workflow"":false,""user_has_finished_workflow"":false},""workflow_translation_id"":""21414""}","[{""task"":""T0"",""task_label"":""Clasificar el segmento"",""value"":""OT estable""}]","{""33529858"":{""retired"":{""id"":44300332,""workflow_id"":11170,""classifications_count"":1,""created_at"":""2019-05-17T17:10:32.739Z"",""updated_at"":""2019-05-18T21:29:48.373Z"",""retired_at"":""2019-05-18T21:29:48.365Z"",""subject_id"":33529858,""retirement_reason"":""classification_count""},"""":""23"",""X"":""pch_f_262055_HD.png"",""image"":""pch_f_262055.png"",""id"":""262055""}}",33529858
166479397,mantes,1874195,bdc3d7499dd92cfcda75,11170,PCH_seco_faltantes_rev,1.1,2019-05-18 21:30:10 UTC,,,"{""source"":""api"",""session"":""c48ce039eab6872229ab6effbeb6c48eca6f04dead49dd0afedc30664a72e9cd"",""viewport"":{""width"":1366,""height"":657},""started_at"":""2019-05-18T21:29:46.381Z"",""user_agent"":""Mozilla/5.0 (Windows NT 10.0; Win64; x64) AppleWebKit/537.36 (KHTML, like Gecko) Chrome/74.0.3729.157 Safari/537.36"",""utc_offset"":""10800"",""finished_at"":""2019-05-18T21:30:07.803Z"",""live_project"":true,""interventions"":{""opt_in"":true,""message"":false},""user_language"":""en"",""user_group_ids"":[],""subject_dimensions"":[{""clientWidth"":820,""clientHeight"":580,""naturalWidth"":1403,""naturalHeight"":992},{""clientWidth"":700,""clientHeight"":494,""naturalWidth"":700,""naturalHeight"":494}],""subject_selection_state"":{""retired"":false,""selected_at"":""2019-05-18T21:26:56.311Z"",""already_seen"":false,""selection_state"":""normal"",""finished_workflow"":false,""user_has_finished_workflow"":false},""workflow_translation_id"":""21414""}","[{""task"":""T0"",""task_label"":""Clasificar el segmento"",""value"":""OTF perdida 1998-2006""}]","{""33529860"":{""retired"":{""id"":44300309,""workflow_id"":11170,""classifications_count"":1,""created_at"":""2019-05-17T17:10:31.829Z"",""updated_at"":""2019-05-18T21:30:10.704Z"",""retired_at"":""2019-05-18T21:30:10.664Z"",""subject_id"":33529860,""retirement_reason"":""classification_count""},"""":""25"",""X"":""pch_f_264671_HD.png"",""image"":""pch_f_264671.png"",""id"":""264671""}}",33529860
166479543,mantes,1874195,bdc3d7499dd92cfcda75,11170,PCH_seco_faltantes_rev,1.1,2019-05-18 21:30:49 UTC,,,"{""source"":""api"",""session"":""c48ce039eab6872229ab6effbeb6c48eca6f04dead49dd0afedc30664a72e9cd"",""viewport"":{""width"":1366,""height"":657},""started_at"":""2019-05-18T21:30:07.829Z"",""user_agent"":""Mozilla/5.0 (Windows NT 10.0; Win64; x64) AppleWebKit/537.36 (KHTML, like Gecko) Chrome/74.0.3729.157 Safari/537.36"",""utc_offset"":""10800"",""finished_at"":""2019-05-18T21:30:46.968Z"",""live_project"":true,""interventions"":{""opt_in"":true,""message"":false},""user_language"":""en"",""user_group_ids"":[],""subject_dimensions"":[{""clientWidth"":820,""clientHeight"":580,""naturalWidth"":1403,""naturalHeight"":992},{""clientWidth"":700,""clientHeight"":494,""naturalWidth"":700,""naturalHeight"":494}],""subject_selection_state"":{""retired"":false,""selected_at"":""2019-05-18T21:29:48.413Z"",""already_seen"":false,""selection_state"":""normal"",""finished_workflow"":false,""user_has_finished_workflow"":false},""workflow_translation_id"":""21414""}","[{""task"":""T0"",""task_label"":""Clasificar el segmento"",""value"":""OTF estable""}]","{""33529843"":{""retired"":{""id"":44300288,""workflow_id"":11170,""classifications_count"":1,""created_at"":""2019-05-17T17:10:02.541Z"",""updated_at"":""2019-05-18T21:30:59.073Z"",""retired_at"":""2019-05-18T21:30:59.051Z"",""subject_id"":33529843,""retirement_reason"":""classification_count""},"""":""12"",""X"":""pch_f_207288_HD.png"",""image"":""pch_f_207288.png"",""id"":""207288""}}",33529843
166479599,mantes,1874195,bdc3d7499dd92cfcda75,11170,PCH_seco_faltantes_rev,1.1,2019-05-18 21:31:09 UTC,,,"{""source"":""api"",""session"":""c48ce039eab6872229ab6effbeb6c48eca6f04dead49dd0afedc30664a72e9cd"",""viewport"":{""width"":1366,""height"":657},""started_at"":""2019-05-18T21:30:46.992Z"",""user_agent"":""Mozilla/5.0 (Windows NT 10.0; Win64; x64) AppleWebKit/537.36 (KHTML, like Gecko) Chrome/74.0.3729.157 Safari/537.36"",""utc_offset"":""10800"",""finished_at"":""2019-05-18T21:31:06.987Z"",""live_project"":true,""interventions"":{""opt_in"":true,""message"":false},""user_language"":""en"",""user_group_ids"":[],""subject_dimensions"":[{""clientWidth"":820,""clientHeight"":580,""naturalWidth"":1403,""naturalHeight"":992},{""clientWidth"":700,""clientHeight"":494,""naturalWidth"":700,""naturalHeight"":494}],""subject_selection_state"":{""retired"":false,""selected_at"":""2019-05-18T21:29:48.413Z"",""already_seen"":false,""selection_state"":""normal"",""finished_workflow"":false,""user_has_finished_workflow"":false},""workflow_translation_id"":""21414""}","[{""task"":""T0"",""task_label"":""Clasificar el segmento"",""value"":""OTF perdida 2006-2013""}]","{""33529833"":{""retired"":{""id"":44300405,""workflow_id"":11170,""classifications_count"":1,""created_at"":""2019-05-17T17:11:34.201Z"",""updated_at"":""2019-05-18T21:31:09.936Z"",""retired_at"":""2019-05-18T21:31:09.930Z"",""subject_id"":33529833,""retirement_reason"":""classification_count""},"""":""5"",""X"":""pch_f_181261_HD.png"",""image"":""pch_f_181261.png"",""id"":""181261""}}",33529833
166479840,mantes,1874195,bdc3d7499dd92cfcda75,11170,PCH_seco_faltantes_rev,1.1,2019-05-18 21:32:26 UTC,,,"{""source"":""api"",""session"":""c48ce039eab6872229ab6effbeb6c48eca6f04dead49dd0afedc30664a72e9cd"",""viewport"":{""width"":1366,""height"":657},""started_at"":""2019-05-18T21:31:07.016Z"",""user_agent"":""Mozilla/5.0 (Windows NT 10.0; Win64; x64) AppleWebKit/537.36 (KHTML, like Gecko) Chrome/74.0.3729.157 Safari/537.36"",""utc_offset"":""10800"",""finished_at"":""2019-05-18T21:32:23.527Z"",""live_project"":true,""interventions"":{""opt_in"":true,""message"":false},""user_language"":""en"",""user_group_ids"":[],""subject_dimensions"":[{""clientWidth"":820,""clientHeight"":580,""naturalWidth"":1403,""naturalHeight"":992},{""clientWidth"":700,""clientHeight"":494,""naturalWidth"":700,""naturalHeight"":494}],""subject_selection_state"":{""retired"":false,""selected_at"":""2019-05-18T21:29:48.413Z"",""already_seen"":false,""selection_state"":""normal"",""finished_workflow"":false,""user_has_finished_workflow"":false},""workflow_translation_id"":""21414""}","[{""task"":""T0"",""task_label"":""Clasificar el segmento"",""value"":""OTF perdida 1998-2006""}]","{""33529828"":{""retired"":{""id"":44300322,""workflow_id"":11170,""classifications_count"":1,""created_at"":""2019-05-17T17:10:32.513Z"",""updated_at"":""2019-05-18T21:32:26.762Z"",""retired_at"":""2019-05-18T21:32:26.754Z"",""subject_id"":33529828,""retirement_reason"":""classification_count""},"""":""2"",""X"":""pch_f_161664_HD.png"",""image"":""pch_f_161664.png"",""id"":""161664""}}",33529828
166479914,mantes,1874195,bdc3d7499dd92cfcda75,11170,PCH_seco_faltantes_rev,1.1,2019-05-18 21:32:48 UTC,,,"{""source"":""api"",""session"":""c48ce039eab6872229ab6effbeb6c48eca6f04dead49dd0afedc30664a72e9cd"",""viewport"":{""width"":1366,""height"":657},""started_at"":""2019-05-18T21:32:23.547Z"",""user_agent"":""Mozilla/5.0 (Windows NT 10.0; Win64; x64) AppleWebKit/537.36 (KHTML, like Gecko) Chrome/74.0.3729.157 Safari/537.36"",""utc_offset"":""10800"",""finished_at"":""2019-05-18T21:32:45.225Z"",""live_project"":true,""interventions"":{""opt_in"":true,""message"":false},""user_language"":""en"",""user_group_ids"":[],""subject_dimensions"":[{""clientWidth"":820,""clientHeight"":580,""naturalWidth"":1403,""naturalHeight"":992},{""clientWidth"":700,""clientHeight"":494,""naturalWidth"":700,""naturalHeight"":494}],""subject_selection_state"":{""retired"":false,""selected_at"":""2019-05-18T21:29:48.413Z"",""already_seen"":false,""selection_state"":""normal"",""finished_workflow"":false,""user_has_finished_workflow"":false},""workflow_translation_id"":""21414""}","[{""task"":""T0"",""task_label"":""Clasificar el segmento"",""value"":""OTF perdida 1998-2006""}]","{""33529839"":{""retired"":{""id"":44300284,""workflow_id"":11170,""classifications_count"":1,""created_at"":""2019-05-17T17:10:02.445Z"",""updated_at"":""2019-05-18T21:32:48.296Z"",""retired_at"":""2019-05-18T21:32:48.275Z"",""subject_id"":33529839,""retirement_reason"":""classification_count""},"""":""9"",""X"":""pch_f_185881_HD.png"",""image"":""pch_f_185881.png"",""id"":""185881""}}",33529839
166480116,mantes,1874195,bdc3d7499dd92cfcda75,11170,PCH_seco_faltantes_rev,1.1,2019-05-18 21:33:49 UTC,,,"{""source"":""api"",""session"":""c48ce039eab6872229ab6effbeb6c48eca6f04dead49dd0afedc30664a72e9cd"",""viewport"":{""width"":1366,""height"":657},""started_at"":""2019-05-18T21:32:45.250Z"",""user_agent"":""Mozilla/5.0 (Windows NT 10.0; Win64; x64) AppleWebKit/537.36 (KHTML, like Gecko) Chrome/74.0.3729.157 Safari/537.36"",""utc_offset"":""10800"",""finished_at"":""2019-05-18T21:33:46.532Z"",""live_project"":true,""interventions"":{""opt_in"":true,""message"":false},""user_language"":""en"",""user_group_ids"":[],""subject_dimensions"":[{""clientWidth"":820,""clientHeight"":580,""naturalWidth"":1403,""naturalHeight"":992},{""clientWidth"":700,""clientHeight"":494,""naturalWidth"":700,""naturalHeight"":494}],""subject_selection_state"":{""retired"":false,""selected_at"":""2019-05-18T21:29:48.413Z"",""already_seen"":false,""selection_state"":""normal"",""finished_workflow"":false,""user_has_finished_workflow"":false},""workflow_translation_id"":""21414""}","[{""task"":""T0"",""task_label"":""Clasificar el segmento"",""value"":""OTF perdida 2013-2017""}]","{""33529842"":{""retired"":{""id"":44300298,""workflow_id"":11170,""classifications_count"":1,""created_at"":""2019-05-17T17:10:20.059Z"",""updated_at"":""2019-05-18T21:33:49.589Z"",""retired_at"":""2019-05-18T21:33:49.575Z"",""subject_id"":33529842,""retirement_reason"":""classification_count""},"""":""11"",""X"":""pch_f_205010_HD.png"",""image"":""pch_f_205010.png"",""id"":""205010""}}",33529842
166480227,mantes,1874195,bdc3d7499dd92cfcda75,11170,PCH_seco_faltantes_rev,1.1,2019-05-18 21:34:13 UTC,,,"{""source"":""api"",""session"":""c48ce039eab6872229ab6effbeb6c48eca6f04dead49dd0afedc30664a72e9cd"",""viewport"":{""width"":1366,""height"":657},""started_at"":""2019-05-18T21:33:46.559Z"",""user_agent"":""Mozilla/5.0 (Windows NT 10.0; Win64; x64) AppleWebKit/537.36 (KHTML, like Gecko) Chrome/74.0.3729.157 Safari/537.36"",""utc_offset"":""10800"",""finished_at"":""2019-05-18T21:34:10.774Z"",""live_project"":true,""interventions"":{""opt_in"":true,""message"":false},""user_language"":""en"",""user_group_ids"":[],""subject_dimensions"":[{""clientWidth"":820,""clientHeight"":580,""naturalWidth"":1403,""naturalHeight"":992},{""clientWidth"":700,""clientHeight"":494,""naturalWidth"":700,""naturalHeight"":494}],""subject_selection_state"":{""retired"":false,""selected_at"":""2019-05-18T21:29:48.413Z"",""already_seen"":false,""selection_state"":""normal"",""finished_workflow"":false,""user_has_finished_workflow"":false},""workflow_translation_id"":""21414""}","[{""task"":""T0"",""task_label"":""Clasificar el segmento"",""value"":""TF perdida 2006-2013""}]","{""33529857"":{""retired"":{""id"":44300300,""workflow_id"":11170,""classifications_count"":1,""created_at"":""2019-05-17T17:10:20.105Z"",""updated_at"":""2019-05-18T21:34:18.455Z"",""retired_at"":""2019-05-18T21:34:18.387Z"",""subject_id"":33529857,""retirement_reason"":""classification_count""},"""":""22"",""X"":""pch_f_261005_HD.png"",""image"":""pch_f_261005.png"",""id"":""261005""}}",33529857
166480293,mantes,1874195,bdc3d7499dd92cfcda75,11170,PCH_seco_faltantes_rev,1.1,2019-05-18 21:34:37 UTC,,,"{""source"":""api"",""session"":""c48ce039eab6872229ab6effbeb6c48eca6f04dead49dd0afedc30664a72e9cd"",""viewport"":{""width"":1366,""height"":657},""started_at"":""2019-05-18T21:34:11.827Z"",""user_agent"":""Mozilla/5.0 (Windows NT 10.0; Win64; x64) AppleWebKit/537.36 (KHTML, like Gecko) Chrome/74.0.3729.157 Safari/537.36"",""utc_offset"":""10800"",""finished_at"":""2019-05-18T21:34:34.683Z"",""live_project"":true,""interventions"":{""opt_in"":true,""message"":false},""user_language"":""en"",""user_group_ids"":[],""subject_dimensions"":[{""clientWidth"":820,""clientHeight"":580,""naturalWidth"":1403,""naturalHeight"":992},{""clientWidth"":700,""clientHeight"":494,""naturalWidth"":700,""naturalHeight"":494}],""subject_selection_state"":{""retired"":false,""selected_at"":""2019-05-18T21:34:13.919Z"",""already_seen"":false,""selection_state"":""internal_fallback"",""finished_workflow"":false,""user_has_finished_workflow"":false},""workflow_translation_id"":""21414""}","[{""task"":""T0"",""task_label"":""Clasificar el segmento"",""value"":""OTF perdida 2006-2013""}]","{""33529847"":{""retired"":{""id"":44300266,""workflow_id"":11170,""classifications_count"":1,""created_at"":""2019-05-17T17:09:50.886Z"",""updated_at"":""2019-05-18T21:34:37.587Z"",""retired_at"":""2019-05-18T21:34:37.572Z"",""subject_id"":33529847,""retirement_reason"":""classification_count""},"""":""15"",""X"":""pch_f_234252_HD.png"",""image"":""pch_f_234252.png"",""id"":""234252""}}",33529847
166480360,mantes,1874195,bdc3d7499dd92cfcda75,11170,PCH_seco_faltantes_rev,1.1,2019-05-18 21:34:54 UTC,,,"{""source"":""api"",""session"":""c48ce039eab6872229ab6effbeb6c48eca6f04dead49dd0afedc30664a72e9cd"",""viewport"":{""width"":1366,""height"":657},""started_at"":""2019-05-18T21:34:35.394Z"",""user_agent"":""Mozilla/5.0 (Windows NT 10.0; Win64; x64) AppleWebKit/537.36 (KHTML, like Gecko) Chrome/74.0.3729.157 Safari/537.36"",""utc_offset"":""10800"",""finished_at"":""2019-05-18T21:34:51.860Z"",""seen_before"":true,""live_project"":true,""interventions"":{""opt_in"":true,""message"":false},""user_language"":""en"",""user_group_ids"":[],""subject_dimensions"":[{""clientWidth"":820,""clientHeight"":580,""naturalWidth"":1403,""naturalHeight"":992},{""clientWidth"":700,""clientHeight"":494,""naturalWidth"":700,""naturalHeight"":494}],""subject_selection_state"":{""retired"":false,""selected_at"":""2019-05-18T21:34:13.919Z"",""already_seen"":false,""selection_state"":""internal_fallback"",""finished_workflow"":false,""user_has_finished_workflow"":false},""workflow_translation_id"":""21414""}","[{""task"":""T0"",""task_label"":""Clasificar el segmento"",""value"":""OTF perdida 2006-2013""}]","{""33529847"":{""retired"":{""id"":44300266,""workflow_id"":11170,""classifications_count"":1,""created_at"":""2019-05-17T17:09:50.886Z"",""updated_at"":""2019-05-18T21:34:37.587Z"",""retired_at"":""2019-05-18T21:34:37.572Z"",""subject_id"":33529847,""retirement_reason"":""classification_count""},"""":""15"",""X"":""pch_f_234252_HD.png"",""image"":""pch_f_234252.png"",""id"":""234252""}}",33529847
166480420,mantes,1874195,bdc3d7499dd92cfcda75,11170,PCH_seco_faltantes_rev,1.1,2019-05-18 21:35:11 UTC,,,"{""source"":""api"",""session"":""c48ce039eab6872229ab6effbeb6c48eca6f04dead49dd0afedc30664a72e9cd"",""viewport"":{""width"":1366,""height"":657},""started_at"":""2019-05-18T21:34:52.721Z"",""user_agent"":""Mozilla/5.0 (Windows NT 10.0; Win64; x64) AppleWebKit/537.36 (KHTML, like Gecko) Chrome/74.0.3729.157 Safari/537.36"",""utc_offset"":""10800"",""finished_at"":""2019-05-18T21:35:09.057Z"",""seen_before"":true,""live_project"":true,""interventions"":{""opt_in"":true,""message"":false},""user_language"":""en"",""user_group_ids"":[],""subject_dimensions"":[{""clientWidth"":820,""clientHeight"":580,""naturalWidth"":1403,""naturalHeight"":992},{""clientWidth"":700,""clientHeight"":494,""naturalWidth"":700,""naturalHeight"":494}],""subject_selection_state"":{""retired"":true,""selected_at"":""2019-05-18T21:34:37.496Z"",""already_seen"":true,""selection_state"":""normal"",""finished_workflow"":false,""user_has_finished_workflow"":true},""workflow_translation_id"":""21414""}","[{""task"":""T0"",""task_label"":""Clasificar el segmento"",""value"":""OTF perdida 2006-2013""}]","{""33529826"":{""retired"":{""id"":44300302,""workflow_id"":11170,""classifications_count"":1,""created_at"":""2019-05-17T17:10:20.322Z"",""updated_at"":""2019-05-18T21:27:21.199Z"",""retired_at"":""2019-05-18T21:27:21.189Z"",""subject_id"":33529826,""retirement_reason"":""classification_count""},"""":""1"",""X"":""pch_f_159495_HD.png"",""image"":""pch_f_159495.png"",""id"":""159495""}}",33529826
166480495,mantes,1874195,bdc3d7499dd92cfcda75,11170,PCH_seco_faltantes_rev,1.1,2019-05-18 21:35:29 UTC,,,"{""source"":""api"",""session"":""c48ce039eab6872229ab6effbeb6c48eca6f04dead49dd0afedc30664a72e9cd"",""viewport"":{""width"":1366,""height"":657},""started_at"":""2019-05-18T21:35:09.082Z"",""user_agent"":""Mozilla/5.0 (Windows NT 10.0; Win64; x64) AppleWebKit/537.36 (KHTML, like Gecko) Chrome/74.0.3729.157 Safari/537.36"",""utc_offset"":""10800"",""finished_at"":""2019-05-18T21:35:27.201Z"",""seen_before"":true,""live_project"":true,""interventions"":{""opt_in"":true,""message"":false},""user_language"":""en"",""user_group_ids"":[],""subject_dimensions"":[{""clientWidth"":820,""clientHeight"":580,""naturalWidth"":1403,""naturalHeight"":992},{""clientWidth"":700,""clientHeight"":494,""naturalWidth"":700,""naturalHeight"":494}],""subject_selection_state"":{""retired"":true,""selected_at"":""2019-05-18T21:34:54.818Z"",""already_seen"":true,""selection_state"":""failover_fallback"",""finished_workflow"":true,""user_has_finished_workflow"":true},""workflow_translation_id"":""21414""}","[{""task"":""T0"",""task_label"":""Clasificar el segmento"",""value"":""TF perdida 1998-2006""}]","{""33529859"":{""retired"":{""id"":44300297,""workflow_id"":11170,""classifications_count"":1,""created_at"":""2019-05-17T17:10:20.056Z"",""updated_at"":""2019-05-18T21:26:41.490Z"",""retired_at"":""2019-05-18T21:26:41.475Z"",""subject_id"":33529859,""retirement_reason"":""classification_count""},"""":""24"",""X"":""pch_f_264267_HD.png"",""image"":""pch_f_264267.png"",""id"":""264267""}}",33529859
166480524,mantes,1874195,bdc3d7499dd92cfcda75,11170,PCH_seco_faltantes_rev,1.1,2019-05-18 21:35:39 UTC,,,"{""source"":""api"",""session"":""c48ce039eab6872229ab6effbeb6c48eca6f04dead49dd0afedc30664a72e9cd"",""viewport"":{""width"":1366,""height"":657},""started_at"":""2019-05-18T21:35:27.218Z"",""user_agent"":""Mozilla/5.0 (Windows NT 10.0; Win64; x64) AppleWebKit/537.36 (KHTML, like Gecko) Chrome/74.0.3729.157 Safari/537.36"",""utc_offset"":""10800"",""finished_at"":""2019-05-18T21:35:37.135Z"",""seen_before"":true,""live_project"":true,""interventions"":{""opt_in"":true,""message"":false},""user_language"":""en"",""user_group_ids"":[],""subject_dimensions"":[{""clientWidth"":820,""clientHeight"":580,""naturalWidth"":1403,""naturalHeight"":992},{""clientWidth"":700,""clientHeight"":494,""naturalWidth"":700,""naturalHeight"":494}],""subject_selection_state"":{""retired"":true,""selected_at"":""2019-05-18T21:34:54.818Z"",""already_seen"":true,""selection_state"":""failover_fallback"",""finished_workflow"":true,""user_has_finished_workflow"":true},""workflow_translation_id"":""21414""}","[{""task"":""T0"",""task_label"":""Clasificar el segmento"",""value"":""TF perdida 2006-2013""}]","{""33529851"":{""retired"":{""id"":44300312,""workflow_id"":11170,""classifications_count"":1,""created_at"":""2019-05-17T17:10:31.952Z"",""updated_at"":""2019-05-18T21:25:29.484Z"",""retired_at"":""2019-05-18T21:25:29.477Z"",""subject_id"":33529851,""retirement_reason"":""classification_count""},"""":""18"",""X"":""pch_f_253080_HD.png"",""image"":""pch_f_253080.png"",""id"":""253080""}}",33529851
166480556,mantes,1874195,bdc3d7499dd92cfcda75,11170,PCH_seco_faltantes_rev,1.1,2019-05-18 21:35:54 UTC,,,"{""source"":""api"",""session"":""c48ce039eab6872229ab6effbeb6c48eca6f04dead49dd0afedc30664a72e9cd"",""viewport"":{""width"":1366,""height"":657},""started_at"":""2019-05-18T21:35:37.153Z"",""user_agent"":""Mozilla/5.0 (Windows NT 10.0; Win64; x64) AppleWebKit/537.36 (KHTML, like Gecko) Chrome/74.0.3729.157 Safari/537.36"",""utc_offset"":""10800"",""finished_at"":""2019-05-18T21:35:51.438Z"",""seen_before"":true,""live_project"":true,""interventions"":{""opt_in"":true,""message"":false},""user_language"":""en"",""user_group_ids"":[],""subject_dimensions"":[{""clientWidth"":820,""clientHeight"":580,""naturalWidth"":1403,""naturalHeight"":992},null],""subject_selection_state"":{""retired"":true,""selected_at"":""2019-05-18T21:34:54.818Z"",""already_seen"":true,""selection_state"":""failover_fallback"",""finished_workflow"":true,""user_has_finished_workflow"":true},""workflow_translation_id"":""21414""}","[{""task"":""T0"",""task_label"":""Clasificar el segmento"",""value"":""OT estable""}]","{""33529861"":{""retired"":{""id"":44300328,""workflow_id"":11170,""classifications_count"":1,""created_at"":""2019-05-17T17:10:32.689Z"",""updated_at"":""2019-05-18T21:27:59.946Z"",""retired_at"":""2019-05-18T21:27:59.933Z"",""subject_id"":33529861,""retirement_reason"":""classification_count""},"""":""26"",""X"":""pch_f_267022_HD.png"",""image"":""pch_f_267022.png"",""id"":""267022""}}",33529861
166480603,mantes,1874195,bdc3d7499dd92cfcda75,11170,PCH_seco_faltantes_rev,1.1,2019-05-18 21:36:06 UTC,,,"{""source"":""api"",""session"":""c48ce039eab6872229ab6effbeb6c48eca6f04dead49dd0afedc30664a72e9cd"",""viewport"":{""width"":1366,""height"":657},""started_at"":""2019-05-18T21:35:51.456Z"",""user_agent"":""Mozilla/5.0 (Windows NT 10.0; Win64; x64) AppleWebKit/537.36 (KHTML, like Gecko) Chrome/74.0.3729.157 Safari/537.36"",""utc_offset"":""10800"",""finished_at"":""2019-05-18T21:36:03.040Z"",""seen_before"":true,""live_project"":true,""interventions"":{""opt_in"":true,""message"":false},""user_language"":""en"",""user_group_ids"":[],""subject_dimensions"":[{""clientWidth"":820,""clientHeight"":580,""naturalWidth"":1403,""naturalHeight"":992},null],""subject_selection_state"":{""retired"":true,""selected_at"":""2019-05-18T21:34:54.818Z"",""already_seen"":true,""selection_state"":""failover_fallback"",""finished_workflow"":true,""user_has_finished_workflow"":true},""workflow_translation_id"":""21414""}","[{""task"":""T0"",""task_label"":""Clasificar el segmento"",""value"":""OTF perdida 2006-2013""}]","{""33529857"":{""retired"":{""id"":44300300,""workflow_id"":11170,""classifications_count"":1,""created_at"":""2019-05-17T17:10:20.105Z"",""updated_at"":""2019-05-18T21:34:18.455Z"",""retired_at"":""2019-05-18T21:34:18.387Z"",""subject_id"":33529857,""retirement_reason"":""classification_count""},"""":""22"",""X"":""pch_f_261005_HD.png"",""image"":""pch_f_261005.png"",""id"":""261005""}}",33529857
166480650,mantes,1874195,bdc3d7499dd92cfcda75,11170,PCH_seco_faltantes_rev,1.1,2019-05-18 21:36:19 UTC,,,"{""source"":""api"",""session"":""c48ce039eab6872229ab6effbeb6c48eca6f04dead49dd0afedc30664a72e9cd"",""viewport"":{""width"":1366,""height"":657},""started_at"":""2019-05-18T21:36:03.060Z"",""user_agent"":""Mozilla/5.0 (Windows NT 10.0; Win64; x64) AppleWebKit/537.36 (KHTML, like Gecko) Chrome/74.0.3729.157 Safari/537.36"",""utc_offset"":""10800"",""finished_at"":""2019-05-18T21:36:16.340Z"",""seen_before"":true,""live_project"":true,""interventions"":{""opt_in"":true,""message"":false},""user_language"":""en"",""user_group_ids"":[],""subject_dimensions"":[{""clientWidth"":820,""clientHeight"":580,""naturalWidth"":1403,""naturalHeight"":992},{""clientWidth"":700,""clientHeight"":494,""naturalWidth"":700,""naturalHeight"":494}],""subject_selection_state"":{""retired"":true,""selected_at"":""2019-05-18T21:34:54.818Z"",""already_seen"":true,""selection_state"":""failover_fallback"",""finished_workflow"":true,""user_has_finished_workflow"":true},""workflow_translation_id"":""21414""}","[{""task"":""T0"",""task_label"":""Clasificar el segmento"",""value"":""TF perdida 2013-2017""}]","{""33529854"":{""retired"":{""id"":44300389,""workflow_id"":11170,""classifications_count"":1,""created_at"":""2019-05-17T17:11:13.863Z"",""updated_at"":""2019-05-18T21:29:37.861Z"",""retired_at"":""2019-05-18T21:29:37.846Z"",""subject_id"":33529854,""retirement_reason"":""classification_count""},"""":""20"",""X"":""pch_f_256989_HD.png"",""image"":""pch_f_256989.png"",""id"":""256989""}}",33529854
166480678,mantes,1874195,bdc3d7499dd92cfcda75,11170,PCH_seco_faltantes_rev,1.1,2019-05-18 21:36:25 UTC,,,"{""source"":""api"",""session"":""c48ce039eab6872229ab6effbeb6c48eca6f04dead49dd0afedc30664a72e9cd"",""viewport"":{""width"":1366,""height"":657},""started_at"":""2019-05-18T21:36:16.356Z"",""user_agent"":""Mozilla/5.0 (Windows NT 10.0; Win64; x64) AppleWebKit/537.36 (KHTML, like Gecko) Chrome/74.0.3729.157 Safari/537.36"",""utc_offset"":""10800"",""finished_at"":""2019-05-18T21:36:22.646Z"",""seen_before"":true,""live_project"":true,""interventions"":{""opt_in"":true,""message"":false},""user_language"":""en"",""user_group_ids"":[],""subject_dimensions"":[{""clientWidth"":820,""clientHeight"":580,""naturalWidth"":1403,""naturalHeight"":992},null],""subject_selection_state"":{""retired"":true,""selected_at"":""2019-05-18T21:34:54.818Z"",""already_seen"":true,""selection_state"":""failover_fallback"",""finished_workflow"":true,""user_has_finished_workflow"":true},""workflow_translation_id"":""21414""}","[{""task"":""T0"",""task_label"":""Clasificar el segmento"",""value"":""OT estable""}]","{""33529850"":{""retired"":{""id"":44300341,""workflow_id"":11170,""classifications_count"":1,""created_at"":""2019-05-17T17:10:57.402Z"",""updated_at"":""2019-05-18T21:24:43.122Z"",""retired_at"":""2019-05-18T21:24:43.114Z"",""subject_id"":33529850,""retirement_reason"":""classification_count""},"""":""17"",""X"":""pch_f_251977_HD.png"",""image"":""pch_f_251977.png"",""id"":""251977""}}",33529850
